{"cameraMode":{"drawMode":0,"name":"Shaded","section":"Shading Mode"},"sceneLighting":true,"audioPlay":false,"sceneViewState":{"showFog":true,"showMaterialUpdate":false,"showSkybox":true,"showFlares":true,"showImageEffects":true,"showParticleSystems":true},"in2DMode":false,"pivot":{"x":2.9832372665405275,"y":1.171080231666565,"z":2.115084171295166},"rotation":{"x":0.2888081669807434,"y":0.21447902917861939,"z":-0.06655764579772949,"w":0.9306777715682983},"size":3.29980731010437,"orthographic":false}