{"cameraMode":{"drawMode":0,"name":"Shaded","section":"Shading Mode"},"sceneLighting":false,"audioPlay":false,"sceneViewState":{"showFog":true,"showMaterialUpdate":false,"showSkybox":true,"showFlares":true,"showImageEffects":true,"showParticleSystems":true},"in2DMode":false,"pivot":{"x":2.1811559200286867,"y":0.29036247730255129,"z":1.1897599697113038},"rotation":{"x":0.06171252951025963,"y":-0.3275998532772064,"z":0.021504219621419908,"w":0.9425708055496216},"size":2.363619804382324,"orthographic":false}