{"cameraMode":{"drawMode":0,"name":"Shaded","section":"Shading Mode"},"sceneLighting":false,"audioPlay":false,"sceneViewState":{"showFog":true,"showMaterialUpdate":false,"showSkybox":true,"showFlares":true,"showImageEffects":true,"showParticleSystems":true},"in2DMode":false,"pivot":{"x":-0.056894928216934207,"y":0.04549332335591316,"z":0.004293432459235191},"rotation":{"x":-0.2849047780036926,"y":0.6388599276542664,"z":-0.27615052461624148,"w":-0.6591120958328247},"size":0.5931462049484253,"orthographic":false}